code,venue_count,categories,in_ap_continent,in_base_prices,in_airport_city,continent,city
GVA,99,"climbing,hiking,kayak,mtb,paraglide,skiing",YES,NO,NO,europe,MISSING
DPS,57,"diving,hiking,kayak,kite,mtb,paraglide,surfing,tanning",YES,NO,YES,asia,Denpasar
SLC,42,"climbing,hiking,mtb,paraglide,skiing",YES,NO,YES,na,Salt Lake City
ZRH,42,"climbing,mtb,paraglide,skiing",YES,NO,NO,europe,MISSING
DEN,42,"climbing,hiking,mtb,paraglide,skiing",YES,YES,YES,na,Denver
INN,36,"climbing,mtb,paraglide,skiing",YES,NO,NO,europe,MISSING
CPT,35,"climbing,diving,fishing,kayak,kite,mtb,paraglide,surfing,tanning",YES,NO,YES,africa,Cape Town
HNL,34,"diving,hiking,kite,mtb,paraglide,surfing,tanning",YES,NO,YES,na,Honolulu
LIS,32,"diving,kite,mtb,paraglide,surfing,tanning",YES,NO,YES,europe,Lisbon
BTV,29,"climbing,hiking,mtb,skiing",YES,NO,YES,na,Burlington
MLE,29,"diving,fishing,kayak,surfing,tanning",YES,NO,YES,oceania,Malé
SAN,26,"diving,kayak,paraglide,surfing,tanning",YES,NO,YES,na,San Diego
BIQ,26,surfing,YES,NO,YES,europe,Biarritz
AGA,26,"climbing,kite,surfing",YES,NO,YES,africa,Agadir
NAN,26,"fishing,paraglide,surfing,tanning",YES,NO,YES,oceania,Nadi
VRN,26,"climbing,hiking,kite,mtb,paraglide,skiing",NO,NO,NO,MISSING,MISSING
SCL,25,"mtb,paraglide,skiing,surfing",YES,NO,YES,latam,Santiago
ZQN,24,"fishing,hiking,kayak,kite,mtb,paraglide,skiing",YES,NO,NO,oceania,MISSING
YYC,24,"climbing,mtb,skiing",YES,NO,YES,na,Calgary
RNO,24,"kayak,kite,mtb,paraglide,skiing",YES,NO,YES,na,Reno
BCN,24,"climbing,fishing,kite,mtb,paraglide,skiing,tanning",NO,NO,NO,MISSING,MISSING
SZG,23,"hiking,mtb,paraglide,skiing",YES,NO,NO,europe,MISSING
INV,23,"climbing,fishing,hiking,kayak,mtb,skiing,surfing",YES,NO,YES,europe,Inverness
CUN,23,"diving,fishing,kite,tanning",YES,NO,NO,na,MISSING
SPU,23,"climbing,diving,fishing,kayak,paraglide,tanning",YES,NO,NO,europe,MISSING
CMB,23,"diving,kite,paraglide,surfing,tanning",NO,NO,YES,MISSING,Colombo
CTS,22,"fishing,mtb,skiing",YES,NO,NO,asia,MISSING
LOP,22,"diving,hiking,kayak,kite,paraglide,surfing,tanning",YES,NO,YES,asia,Lombok
OSL,22,"hiking,kayak,mtb,skiing",NO,NO,NO,MISSING,MISSING
OGG,21,"diving,hiking,kayak,kite,mtb,paraglide,surfing,tanning",YES,NO,YES,na,Maui
SJO,21,"diving,fishing,kite,mtb,paraglide,surfing,tanning",YES,NO,YES,na,San José
MEL,21,"climbing,paraglide,skiing,surfing,tanning",YES,NO,YES,oceania,Melbourne
HKT,20,"climbing,diving,fishing,kayak,kite,paraglide,surfing,tanning",YES,NO,NO,asia,MISSING
SYD,20,"climbing,hiking,kayak,kite,mtb,paraglide,skiing,surfing",YES,NO,NO,oceania,MISSING
MRU,19,"diving,fishing,kite,paraglide,surfing,tanning",YES,NO,YES,africa,Mauritius
LAX,18,"climbing,kayak,skiing,surfing,tanning",YES,YES,YES,na,Los Angeles
BGI,18,"diving,fishing,kite,surfing,tanning",YES,NO,YES,na,Bridgetown
KBV,18,"climbing,diving,kayak,tanning",YES,NO,NO,asia,MISSING
GNB,17,"hiking,mtb,skiing",YES,NO,NO,europe,MISSING
TRN,17,"hiking,mtb,paraglide,skiing",YES,NO,NO,europe,MISSING
LIH,17,"diving,hiking,kayak,kite,mtb,surfing,tanning",YES,NO,YES,na,Lihue
NGO,17,"hiking,mtb,paraglide,skiing",NO,NO,NO,MISSING,MISSING
MHT,16,"climbing,mtb,skiing",YES,NO,YES,na,Manchester
SEA,16,"climbing,diving,fishing,hiking,kayak,kite,paraglide,skiing",YES,YES,YES,na,Seattle
SJD,16,"diving,fishing,kayak,kite,surfing,tanning",YES,NO,NO,na,MISSING
DLM,16,"diving,hiking,kite,paraglide,tanning",NO,NO,NO,MISSING,MISSING
MRS,16,"climbing,diving,kite,paraglide",NO,NO,NO,MISSING,MISSING
SFO,15,"climbing,hiking,mtb,surfing",YES,YES,YES,na,San Francisco
OOL,15,surfing,YES,NO,YES,oceania,Gold Coast
SEZ,15,"diving,fishing,kayak,paraglide,tanning",YES,NO,NO,africa,MISSING
USM,15,"diving,surfing,tanning",YES,NO,NO,asia,MISSING
LIR,14,"diving,kayak,kite,surfing,tanning",YES,NO,YES,na,Liberia
BIO,14,"hiking,mtb,surfing",YES,NO,YES,europe,Bilbao
FAO,14,"fishing,kayak,mtb,surfing,tanning",YES,NO,YES,europe,Faro
JMK,14,"climbing,kayak,tanning",YES,NO,NO,europe,MISSING
HRG,14,"diving,fishing,kite,tanning",NO,NO,NO,MISSING,MISSING
MAN,14,"climbing,fishing,hiking,mtb,paraglide",YES,NO,YES,europe,Manchester
GIG,14,"climbing,fishing,paraglide,surfing,tanning",NO,NO,YES,MISSING,Rio de Janeiro
YVR,13,"climbing,fishing,mtb,skiing",YES,NO,YES,na,Vancouver
PDX,13,"climbing,hiking,kite,mtb,paraglide,skiing,tanning",YES,NO,YES,na,Portland
SAL,13,"mtb,surfing,tanning",YES,NO,YES,na,San Salvador
LIM,13,"diving,hiking,mtb,paraglide,surfing",YES,NO,YES,latam,Lima
NQY,13,"hiking,surfing",YES,NO,YES,europe,Newquay
FUE,13,"kite,surfing",YES,NO,YES,europe,Fuerteventura
PDG,13,surfing,YES,NO,YES,asia,Padang
ZNZ,13,"fishing,kayak,kite,surfing,tanning",YES,NO,NO,africa,MISSING
FOR,13,"kite,surfing,tanning",NO,NO,YES,MISSING,Fortaleza
NRT,12,"climbing,hiking,paraglide,skiing,surfing",YES,NO,YES,asia,Tokyo Narita
CBR,12,"climbing,hiking,mtb,skiing,tanning",YES,NO,NO,oceania,MISSING
PMI,12,"kite,mtb,tanning",NO,NO,NO,MISSING,MISSING
SBA,12,"climbing,diving,mtb,surfing",NO,NO,YES,MISSING,Santa Barbara
MNL,12,"diving,fishing,hiking,paraglide,surfing",NO,NO,NO,MISSING,MISSING
CWL,12,"climbing,diving,hiking,kayak,mtb,paraglide",YES,NO,YES,europe,Cardiff
CNS,11,"diving,fishing,kayak,mtb,tanning",YES,NO,NO,oceania,MISSING
EGE,11,"mtb,skiing",YES,NO,NO,na,MISSING
FLN,11,"paraglide,surfing,tanning",YES,NO,YES,latam,Florianópolis
ACE,11,"diving,kayak,kite,mtb,paraglide,surfing,tanning",YES,NO,YES,europe,Lanzarote
BGO,11,"climbing,hiking,kayak,mtb,paraglide,skiing",NO,NO,NO,MISSING,MISSING
SNA,11,"surfing,tanning",NO,NO,YES,MISSING,Santa Ana
DUR,11,"diving,hiking,paraglide,surfing",NO,NO,YES,MISSING,Durban
SSH,11,"diving,kayak,kite,tanning",NO,NO,NO,MISSING,MISSING
YLW,10,"fishing,mtb,skiing",YES,NO,NO,na,MISSING
SJU,10,"fishing,kite,paraglide,surfing,tanning",YES,NO,YES,na,San Juan
PLS,10,"diving,fishing,kayak,kite,tanning",YES,NO,NO,na,MISSING
MBA,10,"diving,kite,surfing,tanning",YES,NO,NO,africa,MISSING
MPH,10,tanning,YES,NO,NO,asia,MISSING
MUC,10,"climbing,hiking,mtb,paraglide,skiing",NO,NO,NO,MISSING,MISSING
CHC,10,"climbing,mtb,skiing,surfing",NO,NO,NO,MISSING,MISSING
ZAZ,10,"climbing,mtb,skiing",NO,NO,NO,MISSING,MISSING
ANU,10,tanning,NO,NO,NO,MISSING,MISSING
YEG,10,skiing,NO,NO,YES,MISSING,Edmonton
PPT,9,"fishing,surfing,tanning",YES,NO,YES,oceania,Papeete
JAC,9,"fishing,hiking,mtb,paraglide,skiing",YES,NO,YES,na,Jackson Hole
ORF,9,"kite,surfing,tanning",YES,NO,YES,na,Norfolk
SNN,9,"climbing,kayak,surfing",YES,NO,YES,europe,Shannon
AUA,9,"diving,kite,tanning",YES,NO,NO,na,MISSING
TPA,9,"diving,fishing,kite,tanning",YES,NO,YES,na,Tampa
MIA,9,"diving,fishing,kite,tanning",YES,YES,YES,na,Miami
KOA,9,"diving,fishing,kayak,paraglide,surfing,tanning",YES,NO,NO,na,MISSING
IBZ,9,tanning,YES,NO,NO,europe,MISSING
BGY,9,"hiking,mtb,skiing",NO,NO,NO,MISSING,MISSING
SJC,9,"hiking,paraglide,surfing",NO,NO,YES,MISSING,San Jose
PXM,9,"surfing,tanning",NO,NO,NO,MISSING,MISSING
TRU,9,surfing,NO,NO,YES,MISSING,Trujillo
TRV,9,"kite,surfing",NO,NO,NO,MISSING,MISSING
RHO,9,"kite,paraglide,tanning",NO,NO,NO,MISSING,MISSING
GOI,9,"fishing,kite,surfing,tanning",NO,NO,NO,MISSING,MISSING
MGA,9,"fishing,paraglide,surfing,tanning",NO,NO,YES,MISSING,Managua
BRM,9,"diving,kayak,tanning",NO,NO,NO,MISSING,MISSING
BNK,9,surfing,NO,NO,NO,MISSING,MISSING
OST,9,skiing,NO,NO,NO,MISSING,MISSING
SUN,8,"mtb,paraglide,skiing",YES,NO,NO,na,MISSING
VCE,8,"kayak,mtb,paraglide,skiing",YES,NO,NO,europe,MISSING
PVR,8,"surfing,tanning",YES,NO,YES,na,Puerto Vallarta
PER,8,"climbing,hiking,kite,paraglide,surfing",YES,NO,YES,oceania,Perth
AKL,8,"climbing,kite,surfing",YES,NO,YES,oceania,Auckland
TAB,8,"diving,fishing,kayak,kite,tanning",YES,NO,NO,na,MISSING
NCE,8,tanning,YES,NO,NO,europe,MISSING
PRI,8,tanning,YES,NO,NO,africa,MISSING
PPP,8,"kayak,kite,tanning",YES,NO,NO,oceania,MISSING
PUQ,8,"climbing,hiking,kayak,mtb,paraglide",YES,NO,NO,latam,MISSING
LST,8,"climbing,hiking,kayak,tanning",YES,NO,NO,oceania,MISSING
SOF,8,"hiking,paraglide,skiing",NO,NO,NO,MISSING,MISSING
GLA,8,"climbing,fishing,hiking,skiing",NO,NO,NO,MISSING,MISSING
BRC,8,"kayak,mtb,paraglide,skiing",NO,NO,NO,MISSING,MISSING
PWM,8,skiing,NO,NO,NO,MISSING,MISSING
SUB,8,surfing,NO,NO,YES,MISSING,Surabaya
NOC,8,"fishing,surfing",NO,NO,NO,MISSING,MISSING
RAR,8,"fishing,kayak,tanning",NO,NO,NO,MISSING,MISSING
MMH,8,"climbing,hiking,mtb,skiing",NO,NO,NO,MISSING,MISSING
RAK,8,"climbing,hiking,kite,paraglide,surfing",NO,NO,NO,MISSING,MISSING
MCT,8,"climbing,fishing,paraglide,tanning",NO,NO,YES,MISSING,Muscat
FLG,8,"hiking,kayak,mtb,paraglide",NO,NO,NO,MISSING,MISSING
AGP,7,"climbing,kite,paraglide",YES,NO,NO,europe,MISSING
ASE,7,"fishing,mtb,skiing",YES,NO,YES,na,Aspen
GCM,7,"diving,fishing,kayak,tanning",YES,NO,NO,na,MISSING
AXA,7,tanning,YES,NO,NO,na,MISSING
EYW,7,"fishing,kayak,kite,tanning",YES,NO,NO,na,MISSING
KEF,7,"fishing,hiking,mtb,paraglide",YES,NO,YES,europe,Reykjavik
GRZ,7,"hiking,mtb,paraglide,skiing",NO,NO,NO,MISSING,MISSING
YKA,7,"fishing,mtb,skiing",NO,NO,NO,MISSING,MISSING
GRX,7,"climbing,mtb,paraglide,skiing",NO,NO,NO,MISSING,MISSING
MCY,7,"surfing,tanning",NO,NO,NO,MISSING,MISSING
HLZ,7,surfing,NO,NO,NO,MISSING,MISSING
HND,7,surfing,YES,NO,NO,asia,MISSING
CXR,7,"surfing,tanning",NO,NO,NO,MISSING,MISSING
INH,7,"diving,fishing,surfing,tanning",NO,NO,NO,MISSING,MISSING
BZE,7,"diving,fishing,kayak,kite,tanning",NO,NO,NO,MISSING,MISSING
SSA,7,tanning,NO,NO,NO,MISSING,MISSING
BPS,7,tanning,NO,NO,NO,MISSING,MISSING
JNX,7,"kite,tanning",NO,NO,NO,MISSING,MISSING
PQC,7,"diving,fishing,tanning",NO,NO,NO,MISSING,MISSING
NSN,7,"climbing,hiking,kayak,kite,mtb,tanning",NO,NO,NO,MISSING,MISSING
CJU,7,"diving,hiking,kayak,kite,paraglide,tanning",NO,NO,NO,MISSING,MISSING
GOA,7,"climbing,diving,hiking,kayak,mtb",NO,NO,NO,MISSING,MISSING
LJU,7,"climbing,fishing,hiking,kayak,paraglide",NO,NO,NO,MISSING,MISSING
LLA,7,"hiking,skiing",NO,NO,NO,MISSING,MISSING
GRU,7,"paraglide,surfing",YES,NO,NO,latam,MISSING
KCT,7,"surfing,tanning",NO,NO,NO,MISSING,MISSING
SAF,6,skiing,YES,NO,NO,na,MISSING
SXM,6,tanning,YES,NO,NO,na,MISSING
CZM,6,"diving,tanning",YES,NO,NO,na,MISSING
FEN,6,"diving,kayak,surfing,tanning",YES,NO,NO,latam,MISSING
JTR,6,"paraglide,tanning",YES,NO,NO,europe,MISSING
ENI,6,"kayak,kite,tanning",YES,NO,NO,asia,MISSING
CUZ,6,"hiking,mtb,paraglide",YES,NO,NO,latam,MISSING
MDZ,6,"mtb,paraglide,skiing",NO,NO,NO,MISSING,MISSING
RDM,6,"mtb,skiing",NO,NO,NO,MISSING,MISSING
DRO,6,"climbing,mtb,skiing",NO,NO,NO,MISSING,MISSING
RDD,6,"climbing,skiing",NO,NO,NO,MISSING,MISSING
BOS,6,"climbing,hiking,skiing",YES,YES,YES,na,Boston
BOD,6,"paraglide,surfing",YES,NO,YES,europe,Bordeaux
EXT,6,surfing,NO,NO,YES,MISSING,Exeter
RUN,6,"diving,fishing,kayak,paraglide,surfing,tanning",NO,NO,YES,MISSING,Réunion
GNS,6,surfing,NO,NO,NO,MISSING,MISSING
CHQ,6,"paraglide,tanning",NO,NO,NO,MISSING,MISSING
AYT,6,"climbing,hiking,tanning",NO,NO,NO,MISSING,MISSING
TGD,6,"kayak,tanning",NO,NO,NO,MISSING,MISSING
ESU,6,"kite,surfing,tanning",NO,NO,NO,MISSING,MISSING
LPA,6,"fishing,kite,mtb,tanning",NO,NO,YES,MISSING,Las Palmas
PPS,6,"diving,kayak,tanning",NO,NO,NO,MISSING,MISSING
EIS,6,"diving,kayak,tanning",NO,NO,NO,MISSING,MISSING
AVL,6,"climbing,fishing,mtb,paraglide",NO,NO,NO,MISSING,MISSING
DXB,6,"fishing,kayak,tanning",NO,NO,NO,MISSING,MISSING
SSC,6,surfing,NO,NO,YES,MISSING,Sumter
BUS,6,surfing,NO,NO,NO,MISSING,MISSING
DAD,6,tanning,NO,NO,NO,MISSING,MISSING
BZN,5,"fishing,mtb,skiing",YES,NO,YES,na,Bozeman
HDN,5,"mtb,skiing",YES,NO,NO,na,MISSING
ALB,5,"fishing,skiing",YES,NO,YES,na,Albany
GUC,5,"mtb,skiing",YES,NO,YES,na,Gunnison
JFK,5,"climbing,kite,surfing",YES,YES,YES,na,New York
PLZ,5,surfing,YES,NO,YES,africa,Port Elizabeth
CEB,5,"diving,surfing,tanning",YES,NO,YES,asia,Cebu
UVF,5,"diving,fishing,tanning",YES,NO,NO,na,MISSING
NAP,5,"hiking,kayak,tanning",YES,NO,NO,europe,MISSING
ZTH,5,"diving,paraglide,tanning",YES,NO,NO,europe,MISSING
DBV,5,"kayak,tanning",YES,NO,NO,europe,MISSING
AJA,5,"climbing,hiking,paraglide",YES,NO,NO,europe,MISSING
TYS,5,"climbing,hiking,mtb",YES,NO,NO,na,MISSING
ONT,5,"mtb,skiing",NO,NO,NO,MISSING,MISSING
OVD,5,"hiking,surfing",NO,NO,NO,MISSING,MISSING
IAO,5,"surfing,tanning",NO,NO,NO,MISSING,MISSING
NOS,5,"diving,fishing,kayak,paraglide,surfing",NO,NO,NO,MISSING,MISSING
GND,5,"diving,kayak,tanning",NO,NO,NO,MISSING,MISSING
PUJ,5,"fishing,tanning",NO,NO,NO,MISSING,MISSING
HUX,5,"fishing,tanning",YES,NO,NO,na,MISSING
LBJ,5,"diving,kayak,tanning",NO,NO,YES,MISSING,Labuan Bajo
NOU,5,"diving,fishing,kayak,kite,tanning",NO,NO,NO,MISSING,MISSING
TFN,5,"diving,kite,mtb,paraglide,tanning",NO,NO,NO,MISSING,MISSING
BKI,5,"diving,hiking,kayak,paraglide",NO,NO,NO,MISSING,MISSING
ROR,5,"diving,fishing",NO,NO,NO,MISSING,MISSING
ADL,5,"climbing,diving,kite",NO,NO,NO,MISSING,MISSING
VNX,5,"diving,fishing,kite,tanning",NO,NO,NO,MISSING,MISSING
EVE,5,"climbing,fishing,mtb,paraglide",NO,NO,NO,MISSING,MISSING
HAN,5,"climbing,hiking,mtb,paraglide",NO,NO,NO,MISSING,MISSING
USH,5,"climbing,kayak,skiing",NO,NO,NO,MISSING,MISSING
HBA,5,"climbing,fishing,kayak,mtb",NO,NO,YES,MISSING,Hobart
GJT,5,"climbing,mtb,skiing",NO,NO,NO,MISSING,MISSING
PMV,5,"fishing,hiking,kite",NO,NO,NO,MISSING,MISSING
LAP,5,"fishing,kayak,kite",NO,NO,NO,MISSING,MISSING
OAJ,5,"fishing,kite,tanning",NO,NO,NO,MISSING,MISSING
EBB,5,"hiking,kayak",NO,NO,NO,MISSING,MISSING
TRG,5,"fishing,kayak,surfing",NO,NO,NO,MISSING,MISSING
TLV,5,"mtb,paraglide,tanning",NO,NO,YES,MISSING,Tel Aviv
TEX,5,"mtb,paraglide,skiing",NO,NO,NO,MISSING,MISSING
PUB,5,skiing,NO,NO,NO,MISSING,MISSING
KIJ,5,skiing,NO,NO,NO,MISSING,MISSING
YXX,5,skiing,NO,NO,NO,MISSING,MISSING
ANC,4,"fishing,kayak,skiing",YES,NO,YES,na,Anchorage
GEG,4,"mtb,skiing",NO,NO,YES,MISSING,Spokane
MYR,4,tanning,YES,NO,NO,na,MISSING
CAG,4,"hiking,kite,tanning",YES,NO,NO,europe,MISSING
MAH,4,"kayak,kite,tanning",YES,NO,NO,europe,MISSING
AIT,4,tanning,YES,NO,NO,oceania,MISSING
KLU,4,"paraglide,skiing",NO,NO,NO,MISSING,MISSING
BZO,4,"fishing,mtb,skiing",NO,NO,NO,MISSING,MISSING
TBS,4,"paraglide,skiing",NO,NO,NO,MISSING,MISSING
YXC,4,skiing,NO,NO,NO,MISSING,MISSING
BLI,4,"kayak,mtb,skiing",NO,NO,NO,MISSING,MISSING
BDL,4,"climbing,skiing",NO,NO,NO,MISSING,MISSING
BGR,4,"hiking,kayak,mtb,skiing",NO,NO,NO,MISSING,MISSING
OPO,4,"kayak,kite,surfing",NO,NO,NO,MISSING,MISSING
KMI,4,surfing,NO,NO,YES,MISSING,Miyazaki
SID,4,"kite,surfing,tanning",NO,NO,NO,MISSING,MISSING
IOS,4,surfing,NO,NO,NO,MISSING,MISSING
FDF,4,"kayak,surfing,tanning",NO,NO,NO,MISSING,MISSING
MVD,4,"fishing,surfing,tanning",NO,NO,NO,MISSING,MISSING
IXZ,4,"diving,kayak,surfing,tanning",NO,NO,NO,MISSING,MISSING
DOM,4,"diving,kayak,tanning",NO,NO,NO,MISSING,MISSING
CTG,4,"fishing,kayak,paraglide,tanning",NO,NO,NO,MISSING,MISSING
PVK,4,"kayak,kite,tanning",NO,NO,NO,MISSING,MISSING
EFL,4,"kayak,tanning",NO,NO,NO,MISSING,MISSING
BOB,4,tanning,NO,NO,NO,MISSING,MISSING
SBP,4,"surfing,tanning",NO,NO,NO,MISSING,MISSING
TWU,4,"diving,fishing,kayak",NO,NO,NO,MISSING,MISSING
USU,4,"diving,tanning",NO,NO,NO,MISSING,MISSING
ZLO,4,"diving,surfing",NO,NO,NO,MISSING,MISSING
SVG,4,"climbing,diving,hiking,kayak",NO,NO,NO,MISSING,MISSING
TIJ,4,"diving,fishing,surfing",NO,NO,NO,MISSING,MISSING
MOZ,4,"diving,tanning",NO,NO,NO,MISSING,MISSING
COS,4,"climbing,hiking",NO,NO,NO,MISSING,MISSING
ATH,4,"climbing,kayak,paraglide",NO,NO,NO,MISSING,MISSING
SKG,4,"climbing,kite,paraglide",NO,NO,NO,MISSING,MISSING
SHR,4,climbing,NO,NO,NO,MISSING,MISSING
PMO,4,"climbing,kite,tanning",NO,NO,NO,MISSING,MISSING
GSP,4,climbing,NO,NO,NO,MISSING,MISSING
MAF,4,"hiking,mtb",NO,NO,NO,MISSING,MISSING
CNX,4,"hiking,mtb,paraglide",NO,NO,NO,MISSING,MISSING
CFU,4,"kayak,paraglide,tanning",NO,NO,NO,MISSING,MISSING
CNY,4,"kayak,mtb,paraglide",NO,NO,NO,MISSING,MISSING
FNC,4,"fishing,kayak,mtb,paraglide",YES,NO,NO,europe,MISSING
EDI,4,mtb,NO,NO,NO,MISSING,MISSING
ZPC,4,"mtb,skiing",NO,NO,NO,MISSING,MISSING
ETH,4,"paraglide,tanning",NO,NO,NO,MISSING,MISSING
EAS,4,"paraglide,tanning",NO,NO,NO,MISSING,MISSING
BRI,4,"paraglide,tanning",NO,NO,YES,MISSING,Bari
FCA,4,"paraglide,skiing",NO,NO,NO,MISSING,MISSING
KBR,4,tanning,NO,NO,NO,MISSING,MISSING
ECP,4,tanning,NO,NO,NO,MISSING,MISSING
GPI,3,"hiking,skiing",YES,NO,YES,na,Kalispell
CMF,3,skiing,YES,NO,NO,europe,MISSING
STT,3,tanning,YES,NO,NO,na,MISSING
MBJ,3,tanning,YES,NO,NO,na,MISSING
SRQ,3,tanning,YES,NO,NO,na,MISSING
PKR,3,"fishing,hiking,paraglide",YES,NO,NO,asia,MISSING
OSD,3,"fishing,mtb,skiing",NO,NO,NO,MISSING,MISSING
CPC,3,skiing,NO,NO,NO,MISSING,MISSING
YQQ,3,"mtb,skiing",NO,NO,NO,MISSING,MISSING
YYZ,3,"fishing,kayak,skiing",NO,NO,YES,MISSING,Toronto
PIU,3,"kite,surfing",NO,NO,NO,MISSING,MISSING
SBH,3,"kite,surfing,tanning",NO,NO,NO,MISSING,MISSING
WDH,3,"hiking,surfing",YES,NO,NO,africa,MISSING
PTY,3,"fishing,surfing",NO,NO,NO,MISSING,MISSING
MDQ,3,"surfing,tanning",NO,NO,NO,MISSING,MISSING
SGN,3,"kite,surfing",NO,NO,NO,MISSING,MISSING
POS,3,"fishing,kayak,tanning",NO,NO,NO,MISSING,MISSING
DGT,3,"diving,tanning",NO,NO,NO,MISSING,MISSING
LGK,3,tanning,NO,NO,NO,MISSING,MISSING
PDL,3,"kayak,paraglide,tanning",YES,NO,NO,europe,MISSING
RTB,3,"diving,fishing,tanning",NO,NO,NO,MISSING,MISSING
KHH,3,"diving,fishing,tanning",NO,NO,YES,MISSING,Kaohsiung
VAV,3,"diving,kayak,tanning",NO,NO,NO,MISSING,MISSING
SON,3,"diving,tanning",YES,NO,NO,oceania,MISSING
SOQ,3,"diving,fishing",NO,NO,NO,MISSING,MISSING
BVC,3,"diving,kite",NO,NO,NO,MISSING,MISSING
OKA,3,"diving,kayak,kite",NO,NO,NO,MISSING,MISSING
GPS,3,"diving,fishing,kayak",NO,NO,NO,MISSING,MISSING
MDC,3,diving,NO,NO,NO,MISSING,MISSING
RMF,3,diving,NO,NO,NO,MISSING,MISSING
BQN,3,"diving,surfing",NO,NO,NO,MISSING,MISSING
KOI,3,"diving,fishing,kayak",NO,NO,NO,MISSING,MISSING
LEA,3,"diving,fishing,kite",NO,NO,NO,MISSING,MISSING
AGX,3,"diving,kayak",NO,NO,NO,MISSING,MISSING
SIT,3,"diving,fishing,kayak",NO,NO,NO,MISSING,MISSING
RGI,3,"diving,tanning",NO,NO,NO,MISSING,MISSING
MJK,3,"diving,kayak,kite",NO,NO,NO,MISSING,MISSING
LAS,3,"climbing,kite,mtb",YES,YES,YES,na,Las Vegas
SVJ,3,"climbing,kayak",NO,NO,NO,MISSING,MISSING
ZAD,3,"climbing,hiking,kite",NO,NO,NO,MISSING,MISSING
CLT,3,climbing,NO,NO,YES,MISSING,Charlotte
TRS,3,"climbing,kayak,paraglide",NO,NO,NO,MISSING,MISSING
KGS,3,"climbing,kite",NO,NO,NO,MISSING,MISSING
LBA,3,"climbing,hiking",NO,NO,NO,MISSING,MISSING
BNE,3,"climbing,paraglide",NO,NO,NO,MISSING,MISSING
LYS,3,"climbing,hiking,kayak",NO,NO,NO,MISSING,MISSING
REU,3,"climbing,paraglide",NO,NO,NO,MISSING,MISSING
BWI,3,"climbing,fishing,kayak",NO,NO,NO,MISSING,MISSING
CRP,3,"fishing,kite",NO,NO,NO,MISSING,MISSING
MPL,3,kite,NO,NO,NO,MISSING,MISSING
POP,3,"kite,surfing",NO,NO,NO,MISSING,MISSING
NBO,3,"hiking,paraglide",NO,NO,NO,MISSING,MISSING
TSR,3,hiking,NO,NO,NO,MISSING,MISSING
PRG,3,"hiking,mtb",NO,NO,NO,MISSING,MISSING
AQP,3,"hiking,mtb,paraglide",YES,NO,NO,latam,MISSING
JOE,3,"fishing,hiking,kayak",NO,NO,NO,MISSING,MISSING
FAE,3,"fishing,hiking,paraglide",YES,NO,NO,europe,MISSING
HPH,3,kayak,NO,NO,NO,MISSING,MISSING
DLH,3,kayak,NO,NO,NO,MISSING,MISSING
VLI,3,"fishing,kayak,paraglide",NO,NO,YES,MISSING,Port Vila
LYR,3,"fishing,kayak,paraglide",NO,NO,NO,MISSING,MISSING
MAO,3,"fishing,kayak",NO,NO,YES,MISSING,Manaus
LLW,3,"kayak,tanning",NO,NO,NO,MISSING,MISSING
WKA,3,"kayak,mtb",NO,NO,NO,MISSING,MISSING
CCP,3,"fishing,skiing",NO,NO,NO,MISSING,MISSING
GUA,3,"fishing,paraglide",NO,NO,NO,MISSING,MISSING
VRC,3,surfing,NO,NO,NO,MISSING,MISSING
GIS,3,surfing,NO,NO,YES,MISSING,Gisborne
TYL,3,surfing,NO,NO,NO,MISSING,MISSING
AXT,3,skiing,NO,NO,NO,MISSING,MISSING
YKF,3,skiing,NO,NO,NO,MISSING,MISSING
SDJ,3,skiing,NO,NO,NO,MISSING,MISSING
TPN,3,tanning,NO,NO,NO,MISSING,MISSING
TPS,3,tanning,NO,NO,NO,MISSING,MISSING
JSI,3,tanning,NO,NO,NO,MISSING,MISSING
GZP,3,tanning,NO,NO,NO,MISSING,MISSING
BDS,3,tanning,NO,NO,NO,MISSING,MISSING
TST,3,tanning,NO,NO,NO,MISSING,MISSING
PQQ,3,tanning,NO,NO,NO,MISSING,MISSING
LME,3,tanning,NO,NO,NO,MISSING,MISSING
TDX,3,tanning,NO,NO,NO,MISSING,MISSING
LMP,3,tanning,NO,NO,NO,MISSING,MISSING
CRW,2,"climbing,skiing",YES,NO,YES,na,Charleston
OAX,2,"mtb,surfing",YES,NO,YES,na,Oaxaca
BOC,2,tanning,YES,NO,YES,na,Bocas del Toro
MLO,2,"kayak,tanning",YES,NO,NO,europe,MISSING
BME,2,tanning,YES,NO,NO,oceania,MISSING
JRO,2,hiking,YES,NO,NO,africa,MISSING
SCQ,2,"hiking,kayak",YES,NO,NO,europe,MISSING
FMM,2,"paraglide,skiing",NO,NO,NO,MISSING,MISSING
MHU,2,skiing,NO,NO,NO,MISSING,MISSING
NPL,2,"hiking,skiing",NO,NO,NO,MISSING,MISSING
YMX,2,"fishing,skiing",NO,NO,NO,MISSING,MISSING
SMF,2,"mtb,skiing",NO,NO,YES,MISSING,Sacramento
HOU,2,"fishing,surfing",NO,NO,NO,MISSING,MISSING
LSY,2,surfing,NO,NO,NO,MISSING,MISSING
XRY,2,"surfing,tanning",NO,NO,NO,MISSING,MISSING
GRJ,2,"fishing,surfing",NO,NO,NO,MISSING,MISSING
HRI,2,"fishing,surfing",NO,NO,NO,MISSING,MISSING
ZIH,2,"kite,surfing",YES,NO,NO,na,MISSING
STI,2,"kite,surfing",NO,NO,NO,MISSING,MISSING
SUV,2,"diving,surfing",NO,NO,NO,MISSING,MISSING
APW,2,"surfing,tanning",NO,NO,YES,MISSING,Apia
PTP,2,"kayak,tanning",NO,NO,NO,MISSING,MISSING
AZS,2,"diving,tanning",NO,NO,NO,MISSING,MISSING
BON,2,"diving,tanning",NO,NO,NO,MISSING,MISSING
VQS,2,"kayak,tanning",NO,NO,NO,MISSING,MISSING
GGT,2,"kayak,tanning",NO,NO,NO,MISSING,MISSING
KIN,2,"paraglide,tanning",NO,NO,NO,MISSING,MISSING
LRV,2,"kite,tanning",NO,NO,NO,MISSING,MISSING
SLZ,2,"kite,tanning",NO,NO,NO,MISSING,MISSING
CTA,2,"paraglide,tanning",NO,NO,NO,MISSING,MISSING
TLE,2,"kite,tanning",NO,NO,NO,MISSING,MISSING
BKK,2,"kayak,tanning",NO,NO,YES,MISSING,Bangkok
VCS,2,"diving,tanning",NO,NO,NO,MISSING,MISSING
TVU,2,"diving,tanning",NO,NO,NO,MISSING,MISSING
JAX,2,"kite,tanning",NO,NO,YES,MISSING,Jacksonville
DSS,2,"fishing,tanning",NO,NO,YES,MISSING,Dakar
TBP,2,"fishing,tanning",NO,NO,NO,MISSING,MISSING
TBU,2,"diving,fishing",NO,NO,NO,MISSING,MISSING
MLA,2,diving,NO,NO,NO,MISSING,MISSING
TER,2,"diving,paraglide",NO,NO,NO,MISSING,MISSING
JIB,2,"diving,fishing",NO,NO,NO,MISSING,MISSING
SZS,2,"diving,kayak",NO,NO,NO,MISSING,MISSING
TKK,2,"diving,fishing",NO,NO,NO,MISSING,MISSING
MAJ,2,"diving,fishing",NO,NO,NO,MISSING,MISSING
AMQ,2,diving,NO,NO,NO,MISSING,MISSING
KNG,2,diving,NO,NO,NO,MISSING,MISSING
AQJ,2,"climbing,diving",NO,NO,NO,MISSING,MISSING
PMA,2,"diving,fishing",NO,NO,NO,MISSING,MISSING
BFS,2,"climbing,diving",NO,NO,YES,MISSING,Belfast
GRO,2,"diving,kite",NO,NO,NO,MISSING,MISSING
WRE,2,"diving,kite",NO,NO,NO,MISSING,MISSING
HKG,2,"diving,kayak",NO,NO,NO,MISSING,MISSING
BDA,2,diving,NO,NO,NO,MISSING,MISSING
NDA,2,diving,NO,NO,NO,MISSING,MISSING
KLO,2,"diving,kite",NO,NO,NO,MISSING,MISSING
DUB,2,"diving,mtb",NO,NO,YES,MISSING,Dublin
GAN,2,"diving,paraglide",NO,NO,NO,MISSING,MISSING
ELP,2,"climbing,hiking",NO,NO,NO,MISSING,MISSING
FTE,2,climbing,NO,NO,NO,MISSING,MISSING
KWL,2,"climbing,kayak",NO,NO,NO,MISSING,MISSING
ICN,2,"climbing,hiking",NO,NO,NO,MISSING,MISSING
KUU,2,"climbing,paraglide",NO,NO,NO,MISSING,MISSING
MXP,2,"climbing,kayak",NO,NO,NO,MISSING,MISSING
MSN,2,climbing,NO,NO,NO,MISSING,MISSING
NTL,2,"climbing,kite",NO,NO,NO,MISSING,MISSING
ORH,2,climbing,NO,NO,NO,MISSING,MISSING
DCA,2,climbing,NO,NO,NO,MISSING,MISSING
CKB,2,"climbing,fishing",NO,NO,NO,MISSING,MISSING
GSO,2,climbing,NO,NO,NO,MISSING,MISSING
ROA,2,climbing,NO,NO,NO,MISSING,MISSING
BRO,2,kite,NO,NO,NO,MISSING,MISSING
VIL,2,kite,NO,NO,NO,MISSING,MISSING
MHH,2,"fishing,kite",NO,NO,NO,MISSING,MISSING
HAM,2,kite,NO,NO,NO,MISSING,MISSING
ADB,2,kite,NO,NO,NO,MISSING,MISSING
GWT,2,kite,NO,NO,NO,MISSING,MISSING
BUD,2,"kayak,kite",NO,NO,NO,MISSING,MISSING
GRR,2,"fishing,kite",NO,NO,NO,MISSING,MISSING
JUL,2,"kayak,kite",NO,NO,NO,MISSING,MISSING
VIE,2,"fishing,kite",NO,NO,NO,MISSING,MISSING
ATL,2,"hiking,mtb",YES,YES,YES,na,Atlanta
EUG,2,"hiking,mtb",NO,NO,YES,MISSING,Eugene
PHX,2,"hiking,paraglide",YES,YES,YES,na,Phoenix
CMX,2,hiking,NO,NO,NO,MISSING,MISSING
PUS,2,"hiking,kayak",NO,NO,NO,MISSING,MISSING
LXA,2,"hiking,paraglide",NO,NO,NO,MISSING,MISSING
SHA,2,hiking,NO,NO,NO,MISSING,MISSING
SBZ,2,hiking,NO,NO,NO,MISSING,MISSING
UIO,2,"hiking,paraglide",NO,NO,YES,MISSING,Quito
TMR,2,hiking,NO,NO,NO,MISSING,MISSING
ZAG,2,"hiking,paraglide",NO,NO,NO,MISSING,MISSING
RKV,2,"hiking,kayak",NO,NO,NO,MISSING,MISSING
BHE,2,kayak,NO,NO,NO,MISSING,MISSING
SOG,2,kayak,NO,NO,NO,MISSING,MISSING
ARN,2,kayak,NO,NO,NO,MISSING,MISSING
BEB,2,"fishing,kayak",NO,NO,NO,MISSING,MISSING
KIR,2,"kayak,mtb",NO,NO,NO,MISSING,MISSING
IQT,2,kayak,NO,NO,NO,MISSING,MISSING
KLA,2,kayak,NO,NO,NO,MISSING,MISSING
YXY,2,"fishing,kayak",NO,NO,NO,MISSING,MISSING
UPG,2,"kayak,paraglide",NO,NO,NO,MISSING,MISSING
LET,2,"fishing,kayak",NO,NO,NO,MISSING,MISSING
ZST,2,"fishing,kayak",NO,NO,NO,MISSING,MISSING
CDV,2,"fishing,kayak",NO,NO,NO,MISSING,MISSING
SGU,2,"kayak,mtb",NO,NO,NO,MISSING,MISSING
ADQ,2,"fishing,kayak",NO,NO,NO,MISSING,MISSING
LPQ,2,"fishing,kayak",NO,NO,NO,MISSING,MISSING
VXE,2,"fishing,kayak",NO,NO,NO,MISSING,MISSING
PMC,2,"fishing,kayak",NO,NO,NO,MISSING,MISSING
CGB,2,"fishing,kayak",NO,NO,NO,MISSING,MISSING
XNA,2,mtb,NO,NO,NO,MISSING,MISSING
TAO,2,mtb,NO,NO,NO,MISSING,MISSING
ROT,2,mtb,NO,NO,NO,MISSING,MISSING
MDE,2,"mtb,paraglide",NO,NO,NO,MISSING,MISSING
BIL,2,"fishing,mtb",NO,NO,NO,MISSING,MISSING
YCG,2,mtb,NO,NO,NO,MISSING,MISSING
BOG,2,"mtb,paraglide",YES,NO,NO,latam,MISSING
BSL,2,"mtb,paraglide",NO,NO,NO,MISSING,MISSING
STN,2,"fishing,mtb",NO,NO,NO,MISSING,MISSING
AKN,2,fishing,NO,NO,NO,MISSING,MISSING
DLG,2,fishing,NO,NO,NO,MISSING,MISSING
MSY,2,fishing,NO,NO,NO,MISSING,MISSING
NQN,2,fishing,NO,NO,NO,MISSING,MISSING
GWY,2,fishing,NO,NO,NO,MISSING,MISSING
TUO,2,fishing,NO,NO,NO,MISSING,MISSING
GUM,2,"fishing,paraglide",NO,NO,NO,MISSING,MISSING
ULN,2,"fishing,paraglide",NO,NO,NO,MISSING,MISSING
TOS,2,"fishing,paraglide",NO,NO,NO,MISSING,MISSING
DHM,2,paraglide,NO,NO,NO,MISSING,MISSING
BGA,2,paraglide,NO,NO,NO,MISSING,MISSING
TIV,2,paraglide,NO,NO,NO,MISSING,MISSING
NAV,2,paraglide,NO,NO,NO,MISSING,MISSING
PNS,2,tanning,NO,NO,NO,MISSING,MISSING
RJM,2,tanning,NO,NO,NO,MISSING,MISSING
TAG,2,tanning,NO,NO,NO,MISSING,MISSING
RFP,2,tanning,NO,NO,NO,MISSING,MISSING
NEV,2,tanning,NO,NO,NO,MISSING,MISSING
VCL,2,tanning,NO,NO,NO,MISSING,MISSING
KLX,2,tanning,NO,NO,NO,MISSING,MISSING
GHB,2,tanning,NO,NO,NO,MISSING,MISSING
JOG,2,tanning,NO,NO,NO,MISSING,MISSING
MTJ,1,skiing,YES,NO,NO,na,MISSING
REC,1,surfing,YES,NO,YES,latam,Recife
VPS,1,tanning,YES,NO,NO,na,MISSING
LUA,1,hiking,YES,NO,NO,asia,MISSING
AMM,1,diving,YES,NO,NO,asia,MISSING
FDH,1,skiing,NO,NO,NO,MISSING,MISSING
KAO,1,skiing,NO,NO,NO,MISSING,MISSING
KTT,1,skiing,NO,NO,NO,MISSING,MISSING
BBU,1,skiing,NO,NO,NO,MISSING,MISSING
BTS,1,skiing,NO,NO,NO,MISSING,MISSING
KRK,1,skiing,NO,NO,NO,MISSING,MISSING
ERZ,1,skiing,NO,NO,NO,MISSING,MISSING
BTZ,1,skiing,NO,NO,NO,MISSING,MISSING
SXR,1,skiing,NO,NO,NO,MISSING,MISSING
DED,1,skiing,NO,NO,NO,MISSING,MISSING
IKA,1,skiing,NO,NO,NO,MISSING,MISSING
BEY,1,skiing,NO,NO,NO,MISSING,MISSING
SMN,1,skiing,NO,NO,NO,MISSING,MISSING
PBG,1,skiing,NO,NO,NO,MISSING,MISSING
MCO,1,surfing,NO,NO,YES,MISSING,Orlando
MLB,1,surfing,NO,NO,NO,MISSING,MISSING
ILM,1,surfing,NO,NO,NO,MISSING,MISSING
BMU,1,surfing,NO,NO,NO,MISSING,MISSING
WGP,1,surfing,NO,NO,NO,MISSING,MISSING
VGO,1,surfing,NO,NO,NO,MISSING,MISSING
CRM,1,surfing,NO,NO,NO,MISSING,MISSING
TRE,1,surfing,NO,NO,NO,MISSING,MISSING
ACA,1,surfing,NO,NO,NO,MISSING,MISSING
ARI,1,surfing,NO,NO,NO,MISSING,MISSING
IQQ,1,surfing,NO,NO,NO,MISSING,MISSING
VCP,1,surfing,NO,NO,NO,MISSING,MISSING
TFS,1,surfing,NO,NO,YES,MISSING,Tenerife
SAP,1,surfing,NO,NO,NO,MISSING,MISSING
DKR,1,surfing,NO,NO,NO,MISSING,MISSING
PDP,1,surfing,NO,NO,NO,MISSING,MISSING
CUR,1,tanning,NO,NO,NO,MISSING,MISSING
ELH,1,tanning,NO,NO,NO,MISSING,MISSING
SMR,1,tanning,NO,NO,NO,MISSING,MISSING
PAS,1,tanning,NO,NO,NO,MISSING,MISSING
TIA,1,tanning,NO,NO,NO,MISSING,MISSING
TLN,1,tanning,NO,NO,NO,MISSING,MISSING
FSC,1,tanning,NO,NO,NO,MISSING,MISSING
LMV,1,tanning,NO,NO,NO,MISSING,MISSING
TOD,1,tanning,NO,NO,NO,MISSING,MISSING
MMY,1,tanning,NO,NO,NO,MISSING,MISSING
ISG,1,tanning,NO,NO,NO,MISSING,MISSING
KHS,1,tanning,NO,NO,NO,MISSING,MISSING
FJR,1,tanning,NO,NO,NO,MISSING,MISSING
PXO,1,tanning,NO,NO,NO,MISSING,MISSING
TMS,1,tanning,NO,NO,NO,MISSING,MISSING
VRA,1,tanning,NO,NO,NO,MISSING,MISSING
CAP,1,tanning,NO,NO,NO,MISSING,MISSING
GYE,1,tanning,NO,NO,NO,MISSING,MISSING
CPO,1,tanning,NO,NO,NO,MISSING,MISSING
RGN,1,tanning,NO,NO,NO,MISSING,MISSING
KOS,1,tanning,NO,NO,NO,MISSING,MISSING
PKY,1,tanning,NO,NO,NO,MISSING,MISSING
LER,1,diving,NO,NO,NO,MISSING,MISSING
LDH,1,diving,NO,NO,NO,MISSING,MISSING
PZU,1,diving,NO,NO,NO,MISSING,MISSING
KBM,1,diving,NO,NO,NO,MISSING,MISSING
MBU,1,diving,NO,NO,NO,MISSING,MISSING
VDE,1,diving,NO,NO,YES,MISSING,Valverde
CYO,1,diving,NO,NO,NO,MISSING,MISSING
ARD,1,diving,NO,NO,NO,MISSING,MISSING
FVM,1,diving,NO,NO,NO,MISSING,MISSING
CLO,1,diving,NO,NO,NO,MISSING,MISSING
SCY,1,diving,NO,NO,NO,MISSING,MISSING
PNI,1,diving,NO,NO,NO,MISSING,MISSING
YAP,1,diving,NO,NO,NO,MISSING,MISSING
REK,1,diving,NO,NO,NO,MISSING,MISSING
LCA,1,diving,NO,NO,NO,MISSING,MISSING
ENE,1,diving,NO,NO,NO,MISSING,MISSING
WNI,1,diving,NO,NO,NO,MISSING,MISSING
TTT,1,diving,NO,NO,NO,MISSING,MISSING
MGZ,1,diving,NO,NO,NO,MISSING,MISSING
LNY,1,diving,NO,NO,NO,MISSING,MISSING
PBI,1,diving,NO,NO,YES,MISSING,West Palm Beach
FAV,1,diving,NO,NO,NO,MISSING,MISSING
XCH,1,diving,NO,NO,NO,MISSING,MISSING
CCK,1,diving,NO,NO,NO,MISSING,MISSING
XMN,1,diving,NO,NO,NO,MISSING,MISSING
ASM,1,diving,NO,NO,NO,MISSING,MISSING
YVA,1,diving,NO,NO,NO,MISSING,MISSING
MKW,1,diving,NO,NO,NO,MISSING,MISSING
BWN,1,diving,NO,NO,NO,MISSING,MISSING
HOG,1,diving,NO,NO,NO,MISSING,MISSING
STX,1,diving,NO,NO,NO,MISSING,MISSING
CFS,1,diving,NO,NO,NO,MISSING,MISSING
BEJ,1,diving,NO,NO,NO,MISSING,MISSING
BTJ,1,diving,NO,NO,YES,MISSING,Banda Aceh
SRG,1,diving,NO,NO,NO,MISSING,MISSING
LEX,1,climbing,NO,NO,NO,MISSING,MISSING
MTY,1,climbing,NO,NO,NO,MISSING,MISSING
CDG,1,climbing,NO,NO,NO,MISSING,MISSING
NUE,1,climbing,NO,NO,NO,MISSING,MISSING
MOL,1,climbing,NO,NO,NO,MISSING,MISSING
RAP,1,climbing,NO,NO,NO,MISSING,MISSING
IXL,1,climbing,NO,NO,NO,MISSING,MISSING
LHR,1,climbing,NO,NO,NO,MISSING,MISSING
BSB,1,climbing,NO,NO,NO,MISSING,MISSING
TWF,1,climbing,NO,NO,NO,MISSING,MISSING
TUS,1,climbing,NO,NO,YES,MISSING,Tucson
TYF,1,climbing,NO,NO,NO,MISSING,MISSING
MJV,1,climbing,NO,NO,NO,MISSING,MISSING
SWF,1,climbing,NO,NO,NO,MISSING,MISSING
HHQ,1,kite,NO,NO,NO,MISSING,MISSING
SKB,1,kite,NO,NO,NO,MISSING,MISSING
JEZ,1,kite,NO,NO,NO,MISSING,MISSING
OLB,1,kite,NO,NO,NO,MISSING,MISSING
FLF,1,kite,NO,NO,NO,MISSING,MISSING
AMS,1,kite,NO,NO,NO,MISSING,MISSING
GRQ,1,kite,NO,NO,NO,MISSING,MISSING
CKZ,1,kite,NO,NO,NO,MISSING,MISSING
AOK,1,kite,NO,NO,NO,MISSING,MISSING
RJK,1,kite,NO,NO,NO,MISSING,MISSING
UNI,1,kite,NO,NO,NO,MISSING,MISSING
PVD,1,kite,NO,NO,NO,MISSING,MISSING
IVC,1,kite,NO,NO,NO,MISSING,MISSING
PHE,1,kite,NO,NO,NO,MISSING,MISSING
FOC,1,kite,NO,NO,NO,MISSING,MISSING
CCS,1,kite,NO,NO,NO,MISSING,MISSING
RTM,1,kite,NO,NO,NO,MISSING,MISSING
CLY,1,kite,NO,NO,NO,MISSING,MISSING
ORD,1,kite,YES,YES,YES,na,Chicago
ADA,1,kite,NO,NO,NO,MISSING,MISSING
BJV,1,kite,NO,NO,NO,MISSING,MISSING
MFR,1,hiking,NO,NO,YES,MISSING,Medford
COD,1,hiking,NO,NO,NO,MISSING,MISSING
CAE,1,hiking,NO,NO,NO,MISSING,MISSING
IAD,1,hiking,NO,NO,NO,MISSING,MISSING
BNA,1,hiking,NO,NO,YES,MISSING,Nashville
PAU,1,hiking,NO,NO,NO,MISSING,MISSING
FKB,1,hiking,NO,NO,NO,MISSING,MISSING
GDQ,1,hiking,NO,NO,NO,MISSING,MISSING
SIN,1,hiking,NO,NO,NO,MISSING,MISSING
KUL,1,hiking,NO,NO,NO,MISSING,MISSING
DVO,1,hiking,NO,NO,NO,MISSING,MISSING
TPE,1,hiking,NO,NO,YES,MISSING,Taipei
LJG,1,hiking,NO,NO,NO,MISSING,MISSING
DYG,1,hiking,NO,NO,NO,MISSING,MISSING
FCO,1,hiking,NO,NO,NO,MISSING,MISSING
KSC,1,hiking,NO,NO,NO,MISSING,MISSING
KYA,1,hiking,NO,NO,NO,MISSING,MISSING
TZX,1,hiking,NO,NO,NO,MISSING,MISSING
PEM,1,hiking,NO,NO,NO,MISSING,MISSING
KGL,1,hiking,NO,NO,NO,MISSING,MISSING
UME,1,hiking,NO,NO,NO,MISSING,MISSING
IVL,1,hiking,NO,NO,NO,MISSING,MISSING
ASP,1,hiking,NO,NO,NO,MISSING,MISSING
HLT,1,hiking,NO,NO,NO,MISSING,MISSING
KKE,1,kayak,NO,NO,NO,MISSING,MISSING
GBZ,1,kayak,NO,NO,NO,MISSING,MISSING
AES,1,kayak,NO,NO,NO,MISSING,MISSING
MKQ,1,kayak,NO,NO,NO,MISSING,MISSING
YZT,1,kayak,NO,NO,NO,MISSING,MISSING
YPB,1,kayak,NO,NO,NO,MISSING,MISSING
TEF,1,kayak,NO,NO,NO,MISSING,MISSING
IST,1,kayak,NO,NO,NO,MISSING,MISSING
FHE,1,kayak,NO,NO,NO,MISSING,MISSING
GST,1,kayak,NO,NO,NO,MISSING,MISSING
KOJ,1,kayak,NO,NO,NO,MISSING,MISSING
YAZ,1,kayak,NO,NO,NO,MISSING,MISSING
JAF,1,kayak,NO,NO,NO,MISSING,MISSING
TTQ,1,kayak,NO,NO,NO,MISSING,MISSING
CLM,1,kayak,NO,NO,NO,MISSING,MISSING
OXR,1,kayak,NO,NO,NO,MISSING,MISSING
YOW,1,kayak,NO,NO,YES,MISSING,Ottawa
IXB,1,kayak,NO,NO,NO,MISSING,MISSING
COK,1,kayak,NO,NO,YES,MISSING,Kochi
RNN,1,kayak,NO,NO,NO,MISSING,MISSING
WAG,1,kayak,NO,NO,NO,MISSING,MISSING
MZB,1,kayak,NO,NO,NO,MISSING,MISSING
YQX,1,kayak,NO,NO,NO,MISSING,MISSING
LTO,1,kayak,NO,NO,NO,MISSING,MISSING
MQT,1,kayak,NO,NO,YES,MISSING,Mossel Bay
AXP,1,kayak,NO,NO,NO,MISSING,MISSING
YBG,1,kayak,NO,NO,NO,MISSING,MISSING
SLU,1,kayak,NO,NO,NO,MISSING,MISSING
LSI,1,kayak,NO,NO,NO,MISSING,MISSING
HVG,1,kayak,NO,NO,NO,MISSING,MISSING
SMM,1,kayak,NO,NO,NO,MISSING,MISSING
MDL,1,kayak,NO,NO,NO,MISSING,MISSING
BVE,1,kayak,NO,NO,NO,MISSING,MISSING
LCV,1,kayak,NO,NO,NO,MISSING,MISSING
MKK,1,kayak,NO,NO,NO,MISSING,MISSING
IKT,1,kayak,NO,NO,NO,MISSING,MISSING
BBA,1,kayak,NO,NO,NO,MISSING,MISSING
CJC,1,kayak,NO,NO,NO,MISSING,MISSING
MWZ,1,kayak,NO,NO,NO,MISSING,MISSING
MUB,1,kayak,NO,NO,NO,MISSING,MISSING
LVI,1,kayak,NO,NO,NO,MISSING,MISSING
HUN,1,kayak,NO,NO,NO,MISSING,MISSING
KBZ,1,kayak,NO,NO,NO,MISSING,MISSING
EGS,1,kayak,NO,NO,NO,MISSING,MISSING
FLR,1,mtb,NO,NO,NO,MISSING,MISSING
LWB,1,mtb,NO,NO,NO,MISSING,MISSING
SIL,1,mtb,NO,NO,NO,MISSING,MISSING
MSO,1,mtb,NO,NO,NO,MISSING,MISSING
HOM,1,mtb,NO,NO,NO,MISSING,MISSING
MAD,1,mtb,NO,NO,NO,MISSING,MISSING
WLG,1,mtb,NO,NO,NO,MISSING,MISSING
GOT,1,mtb,NO,NO,NO,MISSING,MISSING
YQB,1,mtb,NO,NO,NO,MISSING,MISSING
YUL,1,mtb,NO,NO,YES,MISSING,Montreal
YQL,1,mtb,NO,NO,NO,MISSING,MISSING
YRV,1,mtb,NO,NO,NO,MISSING,MISSING
PEI,1,mtb,NO,NO,NO,MISSING,MISSING
KAM,1,mtb,NO,NO,NO,MISSING,MISSING
CUU,1,mtb,NO,NO,NO,MISSING,MISSING
GDL,1,mtb,NO,NO,NO,MISSING,MISSING
PSA,1,mtb,YES,NO,NO,europe,MISSING
EWR,1,mtb,NO,NO,YES,MISSING,Newark
RUT,1,mtb,NO,NO,NO,MISSING,MISSING
NCL,1,mtb,NO,NO,NO,MISSING,MISSING
STS,1,mtb,NO,NO,NO,MISSING,MISSING
KTN,1,fishing,NO,NO,NO,MISSING,MISSING
VDZ,1,fishing,NO,NO,NO,MISSING,MISSING
YBL,1,fishing,NO,NO,NO,MISSING,MISSING
YXT,1,fishing,NO,NO,NO,MISSING,MISSING
YYB,1,fishing,NO,NO,NO,MISSING,MISSING
YQT,1,fishing,NO,NO,NO,MISSING,MISSING
RSW,1,fishing,NO,NO,YES,MISSING,Fort Myers
BHB,1,fishing,NO,NO,NO,MISSING,MISSING
ASD,1,fishing,NO,NO,NO,MISSING,MISSING
XQP,1,fishing,NO,NO,NO,MISSING,MISSING
CBL,1,fishing,NO,NO,NO,MISSING,MISSING
TDD,1,fishing,NO,NO,NO,MISSING,MISSING
AEY,1,fishing,NO,NO,NO,MISSING,MISSING
ALF,1,fishing,NO,NO,NO,MISSING,MISSING
PKC,1,fishing,NO,NO,NO,MISSING,MISSING
DRW,1,fishing,NO,NO,NO,MISSING,MISSING
MYD,1,fishing,NO,NO,NO,MISSING,MISSING
GES,1,fishing,NO,NO,NO,MISSING,MISSING
KVG,1,fishing,NO,NO,NO,MISSING,MISSING
RES,1,fishing,NO,NO,NO,MISSING,MISSING
HOR,1,fishing,NO,NO,NO,MISSING,MISSING
MEC,1,fishing,NO,NO,YES,MISSING,Manta
PBM,1,fishing,NO,NO,NO,MISSING,MISSING
GEO,1,fishing,NO,NO,NO,MISSING,MISSING
VER,1,fishing,NO,NO,NO,MISSING,MISSING
GZO,1,fishing,NO,NO,NO,MISSING,MISSING
CXI,1,fishing,NO,NO,NO,MISSING,MISSING
HAH,1,fishing,NO,NO,NO,MISSING,MISSING
PNH,1,fishing,NO,NO,NO,MISSING,MISSING
ODE,1,fishing,NO,NO,NO,MISSING,MISSING
KJA,1,fishing,NO,NO,NO,MISSING,MISSING
JAV,1,fishing,NO,NO,NO,MISSING,MISSING
TOG,1,fishing,NO,NO,NO,MISSING,MISSING
YSB,1,fishing,NO,NO,NO,MISSING,MISSING
XSC,1,fishing,NO,NO,NO,MISSING,MISSING
CPR,1,fishing,NO,NO,NO,MISSING,MISSING
IDA,1,fishing,NO,NO,NO,MISSING,MISSING
YKM,1,fishing,NO,NO,NO,MISSING,MISSING
ACV,1,fishing,NO,NO,YES,MISSING,Arcata
TRI,1,fishing,NO,NO,NO,MISSING,MISSING
RGL,1,fishing,NO,NO,NO,MISSING,MISSING
LDX,1,fishing,NO,NO,NO,MISSING,MISSING
LPL,1,fishing,NO,NO,NO,MISSING,MISSING
BES,1,fishing,NO,NO,NO,MISSING,MISSING
TKD,1,fishing,NO,NO,NO,MISSING,MISSING
SWP,1,fishing,NO,NO,NO,MISSING,MISSING
LAD,1,fishing,NO,NO,NO,MISSING,MISSING
GMP,1,fishing,NO,NO,NO,MISSING,MISSING
SYX,1,fishing,NO,NO,NO,MISSING,MISSING
ILI,1,fishing,NO,NO,NO,MISSING,MISSING
CKD,1,fishing,NO,NO,NO,MISSING,MISSING
ESM,1,fishing,NO,NO,NO,MISSING,MISSING
DRK,1,fishing,NO,NO,NO,MISSING,MISSING
DEL,1,fishing,NO,NO,NO,MISSING,MISSING
BET,1,fishing,NO,NO,NO,MISSING,MISSING
PNQ,1,paraglide,NO,NO,NO,MISSING,MISSING
IXD,1,paraglide,NO,NO,NO,MISSING,MISSING
JMO,1,paraglide,NO,NO,NO,MISSING,MISSING
CFE,1,paraglide,NO,NO,NO,MISSING,MISSING
MEX,1,paraglide,NO,NO,NO,MISSING,MISSING
CHA,1,paraglide,NO,NO,NO,MISSING,MISSING
VOL,1,paraglide,NO,NO,NO,MISSING,MISSING
LRS,1,paraglide,NO,NO,NO,MISSING,MISSING
LPB,1,paraglide,NO,NO,NO,MISSING,MISSING
KTM,1,paraglide,YES,NO,NO,asia,MISSING
RAI,1,paraglide,NO,NO,NO,MISSING,MISSING
MSU,1,paraglide,NO,NO,NO,MISSING,MISSING
LLI,1,paraglide,NO,NO,NO,MISSING,MISSING
FRU,1,paraglide,NO,NO,NO,MISSING,MISSING
RMQ,1,paraglide,NO,NO,NO,MISSING,MISSING
DLI,1,paraglide,NO,NO,NO,MISSING,MISSING
PBH,1,paraglide,YES,NO,NO,asia,MISSING
AUH,1,paraglide,NO,NO,NO,MISSING,MISSING
CGR,1,paraglide,NO,NO,NO,MISSING,MISSING
OMO,1,paraglide,NO,NO,NO,MISSING,MISSING
SJJ,1,paraglide,NO,NO,NO,MISSING,MISSING
SKP,1,paraglide,NO,NO,NO,MISSING,MISSING
EVN,1,paraglide,NO,NO,NO,MISSING,MISSING
GYD,1,paraglide,NO,NO,NO,MISSING,MISSING
ALA,1,paraglide,NO,NO,NO,MISSING,MISSING
DYU,1,paraglide,NO,NO,NO,MISSING,MISSING
TAS,1,paraglide,NO,NO,NO,MISSING,MISSING
KBL,1,paraglide,NO,NO,NO,MISSING,MISSING
ADD,1,paraglide,NO,NO,NO,MISSING,MISSING
ARK,1,paraglide,NO,NO,NO,MISSING,MISSING
GOH,1,paraglide,NO,NO,NO,MISSING,MISSING
HAV,1,paraglide,YES,NO,NO,na,MISSING
SDQ,1,paraglide,NO,NO,NO,MISSING,MISSING
PPG,1,paraglide,NO,NO,NO,MISSING,MISSING
IPC,1,paraglide,NO,NO,NO,MISSING,MISSING
POM,1,paraglide,NO,NO,NO,MISSING,MISSING
DNZ,1,paraglide,NO,NO,NO,MISSING,MISSING
IOA,1,paraglide,NO,NO,NO,MISSING,MISSING
FAT,1,paraglide,NO,NO,NO,MISSING,MISSING
